{"cameraMode":{"drawMode":0,"name":"Shaded","section":"Shading Mode"},"sceneLighting":true,"audioPlay":false,"sceneViewState":{"showFog":true,"showMaterialUpdate":true,"showSkybox":true,"showFlares":true,"showImageEffects":true,"showParticleSystems":true},"in2DMode":false,"pivot":{"x":10.66854190826416,"y":5.20217752456665,"z":-13.070222854614258},"rotation":{"x":-0.12151877582073212,"y":0.26112833619117739,"z":-0.03326693922281265,"w":-0.9571958780288696},"size":0.2239210307598114,"orthographic":false}