{"cameraMode":{"drawMode":0,"name":"Shaded","section":"Shading Mode"},"sceneLighting":true,"audioPlay":false,"sceneViewState":{"showFog":true,"showMaterialUpdate":true,"showSkybox":true,"showFlares":true,"showImageEffects":true,"showParticleSystems":true},"in2DMode":false,"pivot":{"x":2.6060597896575929,"y":2.7559709548950197,"z":-5.7568793296813969},"rotation":{"x":0.023063357919454576,"y":-0.8092184662818909,"z":0.031823135912418368,"w":0.5863405466079712},"size":0.08469296246767044,"orthographic":false}