{"cameraMode":{"drawMode":0,"name":"Shaded","section":"Shading Mode"},"sceneLighting":true,"audioPlay":false,"sceneViewState":{"showFog":true,"showMaterialUpdate":true,"showSkybox":true,"showFlares":true,"showImageEffects":true,"showParticleSystems":true},"in2DMode":false,"pivot":{"x":-1.825148582458496,"y":-0.289121150970459,"z":-6.289416790008545},"rotation":{"x":-0.04952436685562134,"y":0.34555551409721377,"z":-0.018277060240507127,"w":-0.9370327591896057},"size":15.160971641540528,"orthographic":false}