{"cameraMode":{"drawMode":0,"name":"Shaded","section":"Shading Mode"},"sceneLighting":true,"audioPlay":false,"sceneViewState":{"showFog":true,"showMaterialUpdate":true,"showSkybox":true,"showFlares":true,"showImageEffects":true,"showParticleSystems":true},"in2DMode":false,"pivot":{"x":10.66854190826416,"y":5.20217752456665,"z":-13.070222854614258},"rotation":{"x":-0.12141842395067215,"y":0.26399874687194826,"z":-0.03363136202096939,"w":-0.9564083814620972},"size":0.2239210307598114,"orthographic":false}