{"cameraMode":{"drawMode":0,"name":"Shaded","section":"Shading Mode"},"sceneLighting":true,"audioPlay":false,"sceneViewState":{"showFog":true,"showMaterialUpdate":true,"showSkybox":true,"showFlares":true,"showImageEffects":true,"showParticleSystems":true},"in2DMode":false,"pivot":{"x":-1.6406331062316895,"y":3.274038553237915,"z":-9.968337059020996},"rotation":{"x":-0.2920955419540405,"y":0.17733214795589448,"z":-0.05528430640697479,"w":-0.9383012056350708},"size":17.891876220703126,"orthographic":false}