{"cameraMode":{"drawMode":0,"name":"Shaded","section":"Shading Mode"},"sceneLighting":true,"audioPlay":false,"sceneViewState":{"showFog":true,"showMaterialUpdate":true,"showSkybox":true,"showFlares":true,"showImageEffects":true,"showParticleSystems":true},"in2DMode":false,"pivot":{"x":1.1171162128448487,"y":1.1188558340072632,"z":-6.508883476257324},"rotation":{"x":-0.04994684457778931,"y":0.6917567253112793,"z":-0.04797963425517082,"w":-0.7189080715179443},"size":3.417156219482422,"orthographic":false}